timestamp,from_account,to_account,amount
2025-03-11T01:39:07.173043,DU3915301,DU4184147,15000
2025-03-11T02:01:27.248166,DU3915301,DU4184147,15000
2025-03-11T02:02:50.392652,DU3915301,DU4184147,15000
2025-03-11T15:09:12.154406,DU3915301,DU4184147,15000
2025-03-11T19:54:45.736582,DU3915301,DU4184147,15000
2025-03-13T17:52:55.864071,DU12345,DU67890,53000.0
2025-03-13T22:21:39.782952,DU12345,DU67890,53000.0
2025-03-13T23:23:13.547699,DU12345,DU67890,10000.0
2025-03-13T23:24:45.334395,DU12345,DU67890,7000.0
2025-03-13T23:35:48.044159,DU12345,DU67890,5000.0
2025-03-13T23:37:43.016955,DU12345,DU67890,5000.0
2025-03-14T00:00:55.070177,DU12345,DU4184147,14000.0
2025-03-14T00:04:51.515727,DU12345,DU4184147,7000.0
2025-03-14T00:04:53.526145,DU12345,DU4184147,6000.0
